Date,Close,Adj Close
2025-03-17,106.04000091552734,106.04000091552734
2025-03-18,106.04000091552734,106.04000091552734
2025-03-19,106.05999755859375,106.05999755859375
2025-03-20,106.05999755859375,106.05999755859375
2025-03-21,106.08000183105469,106.08000183105469
2025-03-24,106.08000183105469,106.08000183105469
2025-03-25,106.12000274658203,106.12000274658203
2025-03-26,106.12000274658203,106.12000274658203
2025-03-27,106.13999938964844,106.13999938964844
2025-03-28,106.16000366210938,106.16000366210938
2025-03-31,106.16000366210938,106.16000366210938
2025-04-01,106.16000366210938,106.16000366210938
2025-04-02,106.16000366210938,106.16000366210938
2025-04-03,106.16000366210938,106.16000366210938
2025-04-04,106.18000030517578,106.18000030517578
2025-04-07,106.19999694824219,106.19999694824219
2025-04-08,106.22000122070312,106.22000122070312
2025-04-09,106.19999694824219,106.19999694824219
2025-04-10,106.26000213623047,106.26000213623047
2025-04-11,106.26000213623047,106.26000213623047
2025-04-14,106.27999877929688,106.27999877929688
2025-04-15,106.27999877929688,106.27999877929688
2025-04-16,106.31999969482422,106.31999969482422
2025-04-17,106.36000061035156,106.36000061035156
2025-04-22,106.36000061035156,106.36000061035156
2025-04-23,106.36000061035156,106.36000061035156
2025-04-24,106.37999725341797,106.37999725341797
2025-04-25,106.37999725341797,106.37999725341797
2025-04-28,106.37999725341797,106.37999725341797
2025-04-29,106.37999725341797,106.37999725341797
2025-04-30,106.45999908447266,106.45999908447266
2025-05-02,106.45999908447266,106.45999908447266
2025-05-05,106.41999816894531,106.41999816894531
2025-05-06,106.45999908447266,106.45999908447266
2025-05-07,106.45999908447266,106.45999908447266
2025-05-08,106.45999908447266,106.45999908447266
2025-05-09,106.4800033569336,106.4800033569336
2025-05-12,106.4800033569336,106.4800033569336
2025-05-13,106.4800033569336,106.4800033569336
2025-05-14,106.45999908447266,106.45999908447266
2025-05-15,106.5199966430664,106.5199966430664
2025-05-16,106.5,106.5
2025-05-19,106.54000091552734,106.54000091552734
2025-05-20,106.55999755859375,106.55999755859375
2025-05-21,106.5199966430664,106.5199966430664
2025-05-22,106.58000183105469,106.58000183105469
2025-05-23,106.5999984741211,106.5999984741211
2025-05-26,106.5999984741211,106.5999984741211
2025-05-27,106.62000274658203,106.62000274658203
2025-05-28,106.62000274658203,106.62000274658203
2025-05-29,106.63999938964844,106.63999938964844
2025-05-30,106.62000274658203,106.62000274658203
2025-06-02,106.62000274658203,106.62000274658203
2025-06-03,106.66000366210938,106.66000366210938
2025-06-04,106.66000366210938,106.66000366210938
2025-06-05,106.68000030517578,106.68000030517578
2025-06-06,106.69999694824219,106.69999694824219
2025-06-09,106.69999694824219,106.69999694824219
2025-06-10,106.69999694824219,106.69999694824219
2025-06-11,106.69999694824219,106.69999694824219
2025-06-12,106.72000122070312,106.72000122070312
2025-06-13,106.73999786376953,106.73999786376953
2025-06-16,106.76000213623047,106.76000213623047
2025-06-17,106.76000213623047,106.76000213623047
2025-06-18,106.76000213623047,106.76000213623047
2025-06-19,106.76000213623047,106.76000213623047
2025-06-20,106.80000305175781,106.80000305175781
2025-06-23,106.80000305175781,106.80000305175781
2025-06-24,106.80000305175781,106.80000305175781
2025-06-25,106.77999877929688,106.77999877929688
2025-06-26,106.81999969482422,106.81999969482422
2025-06-27,106.80000305175781,106.80000305175781
2025-06-30,106.83999633789062,106.83999633789062
2025-07-01,106.86000061035156,106.86000061035156
2025-07-02,106.86000061035156,106.86000061035156
2025-07-03,106.83999633789062,106.83999633789062
2025-07-04,106.9000015258789,106.9000015258789
2025-07-07,106.86000061035156,106.86000061035156
2025-07-08,106.9000015258789,106.9000015258789
2025-07-09,106.9000015258789,106.9000015258789
2025-07-10,106.9000015258789,106.9000015258789
2025-07-11,106.9000015258789,106.9000015258789
2025-07-14,106.95999908447266,106.95999908447266
2025-07-15,106.94000244140625,106.94000244140625
2025-07-16,106.91999816894531,106.91999816894531
2025-07-17,106.95999908447266,106.95999908447266
2025-07-18,106.9800033569336,106.9800033569336
2025-07-21,107.0,107.0
2025-07-22,107.0,107.0
2025-07-23,106.9800033569336,106.9800033569336
2025-07-24,107.0199966430664,107.0199966430664
2025-07-25,107.0,107.0
2025-07-28,107.04000091552734,107.04000091552734
2025-07-29,107.08000183105469,107.08000183105469
2025-07-30,107.0199966430664,107.0199966430664
2025-07-31,107.04000091552734,107.04000091552734
2025-08-01,107.05999755859375,107.05999755859375
2025-08-04,107.05999755859375,107.05999755859375
2025-08-05,107.08000183105469,107.08000183105469
2025-08-06,107.08000183105469,107.08000183105469
2025-08-07,107.12000274658203,107.12000274658203
2025-08-08,107.13999938964844,107.13999938964844
2025-08-11,107.13999938964844,107.13999938964844
2025-08-12,107.12000274658203,107.12000274658203
2025-08-13,107.16000366210938,107.16000366210938
2025-08-14,107.13999938964844,107.13999938964844
2025-08-15,107.18000030517578,107.18000030517578
2025-08-18,107.16000366210938,107.16000366210938
2025-08-19,107.19999694824219,107.19999694824219
2025-08-20,107.19999694824219,107.19999694824219
2025-08-21,107.22000122070312,107.22000122070312
2025-08-22,107.19999694824219,107.19999694824219
2025-08-25,107.23999786376953,107.23999786376953
2025-08-26,107.22000122070312,107.22000122070312
2025-08-27,107.22000122070312,107.22000122070312
2025-08-28,107.27999877929688,107.27999877929688
2025-08-29,107.23999786376953,107.23999786376953
2025-09-01,107.23999786376953,107.23999786376953
2025-09-02,107.27999877929688,107.27999877929688
2025-09-03,107.30000305175781,107.30000305175781
2025-09-04,107.27999877929688,107.27999877929688
2025-09-05,107.27999877929688,107.27999877929688
2025-09-08,107.30000305175781,107.30000305175781
2025-09-09,107.36000061035156,107.36000061035156
2025-09-10,107.33999633789062,107.33999633789062
2025-09-11,107.31999969482422,107.31999969482422
2025-09-12,107.37999725341797,107.37999725341797
2025-09-15,107.37999725341797,107.37999725341797
2025-09-16,107.37999725341797,107.37999725341797
2025-09-17,107.37999725341797,107.37999725341797
2025-09-18,107.4000015258789,107.4000015258789
2025-09-19,107.41999816894531,107.41999816894531
2025-09-22,107.44000244140625,107.44000244140625
2025-09-23,107.41999816894531,107.41999816894531
2025-09-24,107.41999816894531,107.41999816894531
2025-09-25,107.41999816894531,107.41999816894531
2025-09-26,107.4800033569336,107.4800033569336
2025-09-29,107.45999908447266,107.45999908447266
2025-09-30,107.4800033569336,107.4800033569336
2025-10-01,107.4800033569336,107.4800033569336
2025-10-02,107.5,107.5
2025-10-03,107.4800033569336,107.4800033569336
2025-10-06,107.5199966430664,107.5199966430664
2025-10-07,107.5199966430664,107.5199966430664
2025-10-08,107.54000091552734,107.54000091552734
2025-10-09,107.5199966430664,107.5199966430664
2025-10-10,107.5199966430664,107.5199966430664
2025-10-13,107.54000091552734,107.54000091552734
2025-10-14,107.58000183105469,107.58000183105469
2025-10-15,107.54000091552734,107.54000091552734
2025-10-16,107.55999755859375,107.55999755859375
2025-10-17,107.62000274658203,107.62000274658203
2025-10-20,107.62000274658203,107.62000274658203
2025-10-21,107.62000274658203,107.62000274658203
2025-10-22,107.63999938964844,107.63999938964844
2025-10-23,107.63999938964844,107.63999938964844
2025-10-27,107.68000030517578,107.68000030517578
2025-10-28,107.68000030517578,107.68000030517578
2025-10-29,107.63999938964844,107.63999938964844
2025-10-30,107.66000366210938,107.66000366210938
2025-10-31,107.72000122070312,107.72000122070312
2025-11-03,107.72000122070312,107.72000122070312
2025-11-04,107.72000122070312,107.72000122070312
2025-11-05,107.72000122070312,107.72000122070312
2025-11-06,107.73999786376953,107.73999786376953
2025-11-07,107.73999786376953,107.73999786376953
2025-11-10,107.76000213623047,107.76000213623047
2025-11-11,107.76000213623047,107.76000213623047
2025-11-12,107.77999877929688,107.77999877929688
2025-11-13,107.76000213623047,107.76000213623047
2025-11-14,107.80000305175781,107.80000305175781
2025-11-17,107.80000305175781,107.80000305175781
2025-11-18,107.81999969482422,107.81999969482422
2025-11-19,107.81999969482422,107.81999969482422
2025-11-20,107.83999633789062,107.83999633789062
2025-11-21,107.83999633789062,107.83999633789062
2025-11-24,107.86000061035156,107.86000061035156
2025-11-25,107.86000061035156,107.86000061035156
2025-11-26,107.87999725341797,107.87999725341797
2025-11-27,107.9000015258789,107.9000015258789
2025-11-28,107.9000015258789,107.9000015258789
2025-12-01,107.9000015258789,107.9000015258789
2025-12-02,107.91999816894531,107.91999816894531
2025-12-03,107.9000015258789,107.9000015258789
2025-12-04,107.94000244140625,107.94000244140625
2025-12-05,107.94000244140625,107.94000244140625
2025-12-08,107.95999908447266,107.95999908447266
2025-12-09,107.95999908447266,107.95999908447266
2025-12-10,107.95999908447266,107.95999908447266
2025-12-11,107.9800033569336,107.9800033569336
2025-12-12,108.0,108.0
2025-12-15,107.9800033569336,107.9800033569336
2025-12-16,107.9800033569336,107.9800033569336
2025-12-17,108.0199966430664,108.0199966430664
2025-12-18,108.04000091552734,108.04000091552734
2025-12-19,108.04000091552734,108.04000091552734
2025-12-22,108.0199966430664,108.0199966430664
2025-12-23,108.0999984741211,108.0999984741211
2025-12-24,108.12000274658203,108.12000274658203
2025-12-29,108.0999984741211,108.0999984741211
2025-12-30,108.13999938964844,108.13999938964844
2025-12-31,108.0999984741211,108.0999984741211
2026-01-02,108.16000366210938,108.16000366210938
2026-01-05,108.16000366210938,108.16000366210938
2026-01-06,108.16000366210938,108.16000366210938
2026-01-07,108.12000274658203,108.12000274658203
2026-01-08,108.18000030517578,108.18000030517578
2026-01-09,108.19999694824219,108.19999694824219
2026-01-12,108.19999694824219,108.19999694824219
2026-01-13,108.22000122070312,108.22000122070312
2026-01-14,108.22000122070312,108.22000122070312
2026-01-15,108.23999786376953,108.23999786376953
2026-01-16,108.23999786376953,108.23999786376953
2026-01-19,108.22000122070312,108.22000122070312
2026-01-20,108.26000213623047,108.26000213623047
2026-01-21,108.23999786376953,108.23999786376953
2026-01-22,108.26000213623047,108.26000213623047
2026-01-23,108.26000213623047,108.26000213623047
2026-01-26,108.27999877929688,108.27999877929688
2026-01-27,108.30000305175781,108.30000305175781
2026-01-28,108.27999877929688,108.27999877929688
2026-01-29,108.33999633789062,108.33999633789062
2026-01-30,108.33999633789062,108.33999633789062
2026-02-02,108.33999633789062,108.33999633789062
2026-02-03,108.36000061035156,108.36000061035156
2026-02-04,108.33999633789062,108.33999633789062
2026-02-05,108.4000015258789,108.4000015258789
2026-02-06,108.41999816894531,108.41999816894531
2026-02-09,108.4000015258789,108.4000015258789
2026-02-10,108.4000015258789,108.4000015258789
2026-02-11,108.4000015258789,108.4000015258789
2026-02-12,108.41999816894531,108.41999816894531
2026-02-13,108.44000244140625,108.44000244140625
2026-02-16,108.44000244140625,108.44000244140625
2026-02-17,108.45999908447266,108.45999908447266
2026-02-18,108.45999908447266,108.45999908447266
2026-02-19,108.44000244140625,108.44000244140625
2026-02-20,108.45999908447266,108.45999908447266
2026-02-23,108.4800033569336,108.4800033569336
2026-02-24,108.5,108.5
2026-02-25,108.5,108.5
2026-02-26,108.5,108.5
2026-02-27,108.54000091552734,108.54000091552734
2026-03-02,108.5199966430664,108.5199966430664
2026-03-03,108.5199966430664,108.5199966430664
2026-03-04,108.55999755859375,108.55999755859375
2026-03-05,108.54000091552734,108.54000091552734
2026-03-09,108.55999755859375,108.55999755859375
2026-03-10,108.5999984741211,108.5999984741211
2026-03-11,108.5999984741211,108.5999984741211
2026-03-12,108.62000274658203,108.62000274658203
2026-03-13,108.62000274658203,108.62000274658203
2026-03-16,108.62000274658203,108.62000274658203
2026-03-17,108.63999938964844,108.63999938964844
2026-03-18,108.66000366210938,108.66000366210938
2026-03-19,108.68000030517578,108.68000030517578
2026-03-20,108.68000030517578,108.68000030517578
2026-03-23,108.68000030517578,108.68000030517578
2026-03-24,108.69999694824219,108.69999694824219
2026-03-25,108.69999694824219,108.69999694824219
2026-03-26,108.72000122070312,108.72000122070312
2026-03-27,108.73999786376953,108.73999786376953
2026-03-30,108.73999786376953,108.73999786376953
2026-03-31,108.73999786376953,108.73999786376953
2026-04-01,108.77999877929688,108.77999877929688
2026-04-02,108.76000213623047,108.76000213623047
2026-04-07,108.80000305175781,108.80000305175781
2026-04-08,108.80000305175781,108.80000305175781
2026-04-09,108.80000305175781,108.80000305175781
2026-04-10,108.81999969482422,108.81999969482422
2026-04-13,108.83999633789062,108.83999633789062
2026-04-14,108.83999633789062,108.83999633789062
2026-04-15,108.86000061035156,108.86000061035156
2026-04-16,108.86000061035156,108.86000061035156
2026-04-17,108.83999633789062,108.83999633789062
2026-04-20,108.87999725341797,108.87999725341797
2026-04-21,108.9000015258789,108.9000015258789
2026-04-22,108.9000015258789,108.9000015258789
2026-04-23,108.9000015258789,108.9000015258789
2026-04-24,108.91999816894531,108.91999816894531
2026-04-27,108.94000244140625,108.94000244140625
2026-04-28,108.94000244140625,108.94000244140625
2026-04-29,108.9800033569336,108.9800033569336
2026-04-30,108.95999908447266,108.95999908447266
2026-05-04,109.0,109.0
2026-05-05,108.9800033569336,108.9800033569336
2026-05-06,109.0,109.0
2026-05-07,109.0199966430664,109.0199966430664
2026-05-08,109.04000091552734,109.04000091552734
2026-05-11,109.04000091552734,109.04000091552734
2026-05-12,109.04000091552734,109.04000091552734
2026-05-13,109.04000091552734,109.04000091552734
2026-05-14,109.08000183105469,109.08000183105469
2026-05-15,109.05999755859375,109.05999755859375
2026-05-18,109.05999755859375,109.05999755859375
2026-05-19,109.08000183105469,109.08000183105469
2026-05-20,109.08000183105469,109.08000183105469
2026-05-21,109.12000274658203,109.12000274658203
2026-05-22,109.12000274658203,109.12000274658203
2026-05-25,109.13999938964844,109.13999938964844
2026-05-26,109.13999938964844,109.13999938964844
2026-05-27,109.13999938964844,109.13999938964844
2026-05-28,109.12000274658203,109.12000274658203
2026-05-29,109.13999938964844,109.13999938964844
2026-06-01,109.13999938964844,109.13999938964844
2026-06-02,109.18000030517578,109.18000030517578
2026-06-03,109.19999694824219,109.19999694824219
2026-06-04,109.22000122070312,109.22000122070312
2026-06-05,109.22000122070312,109.22000122070312
2026-06-08,109.19999694824219,109.19999694824219
2026-06-09,109.23999786376953,109.23999786376953
2026-06-10,109.22000122070312,109.22000122070312
2026-06-11,109.26000213623047,109.26000213623047
2026-06-12,109.26000213623047,109.26000213623047
2026-06-15,109.27999877929688,109.27999877929688
2026-06-16,109.27999877929688,109.27999877929688
2026-06-17,109.26000213623047,109.26000213623047
2026-06-18,109.27999877929688,109.27999877929688
2026-06-19,109.31999969482422,109.31999969482422
2026-06-22,109.31999969482422,109.31999969482422
2026-06-23,109.31999969482422,109.31999969482422
2026-06-24,109.33999633789062,109.33999633789062
2026-06-25,109.33999633789062,109.33999633789062
2026-06-26,109.37999725341797,109.37999725341797
2026-06-29,109.37999725341797,109.37999725341797
2026-06-30,109.4000015258789,109.4000015258789
2026-07-01,109.4000015258789,109.4000015258789
2026-07-02,109.41999816894531,109.41999816894531
2026-07-03,109.41999816894531,109.41999816894531
2026-07-06,109.44000244140625,109.44000244140625
2026-07-07,109.44000244140625,109.44000244140625
2026-07-08,109.45999908447266,109.45999908447266
2026-07-09,109.45999908447266,109.45999908447266
2026-07-10,109.5,109.5
2026-07-13,109.4800033569336,109.4800033569336
2026-07-14,109.5,109.5
2026-07-15,109.5,109.5
2026-07-16,109.5,109.5
2026-07-17,109.54000091552734,109.54000091552734
2026-07-20,109.54000091552734,109.54000091552734
2026-07-21,109.55999755859375,109.55999755859375
2026-07-22,109.54000091552734,109.54000091552734
2026-07-23,109.55999755859375,109.55999755859375
2026-07-24,109.58000183105469,109.58000183105469
2026-07-27,109.5999984741211,109.5999984741211
2026-07-28,109.5999984741211,109.5999984741211
2026-07-29,109.5999984741211,109.5999984741211
2026-07-30,109.63999938964844,109.63999938964844
2026-07-31,109.63999938964844,109.63999938964844
2026-08-03,109.66000366210938,109.66000366210938
2026-08-04,109.66000366210938,109.66000366210938
2026-08-05,109.68000030517578,109.68000030517578
2026-08-06,109.66000366210938,109.66000366210938
2026-08-07,109.69999694824219,109.69999694824219
2026-08-10,109.72000122070312,109.72000122070312
2026-08-11,109.72000122070312,109.72000122070312
2026-08-12,109.73999786376953,109.73999786376953
2026-08-13,109.73999786376953,109.73999786376953
2026-08-14,109.72000122070312,109.72000122070312
2026-08-17,109.76000213623047,109.76000213623047
2026-08-18,109.77999877929688,109.77999877929688
2026-08-19,109.77999877929688,109.77999877929688
2026-08-20,109.80000305175781,109.80000305175781
2026-08-21,109.81999969482422,109.81999969482422
2026-08-24,109.81999969482422,109.81999969482422
2026-08-25,109.83999633789062,109.83999633789062
2026-08-26,109.83999633789062,109.83999633789062
2026-08-27,109.86000061035156,109.86000061035156
2026-08-28,109.87999725341797,109.87999725341797
2026-08-31,109.87999725341797,109.87999725341797
2026-09-01,109.87999725341797,109.87999725341797
2026-09-02,109.86000061035156,109.86000061035156
2026-09-03,109.87999725341797,109.87999725341797
2026-09-04,109.91999816894531,109.91999816894531
2026-09-07,109.94000244140625,109.94000244140625
2026-09-08,109.94000244140625,109.94000244140625
2026-09-09,109.94000244140625,109.94000244140625
2026-09-10,109.9800033569336,109.9800033569336
2026-09-11,109.9800033569336,109.9800033569336
2026-09-14,110.0,110.0
2026-09-15,110.0,110.0
2026-09-16,110.0199966430664,110.0199966430664
2026-09-17,110.0,110.0
2026-09-18,110.04000091552734,110.04000091552734
2026-09-21,110.0199966430664,110.0199966430664
2026-09-22,110.05999755859375,110.05999755859375
2026-09-23,110.04000091552734,110.04000091552734
2026-09-24,110.0999984741211,110.0999984741211
2026-09-25,110.0999984741211,110.0999984741211
2026-09-28,110.12000274658203,110.12000274658203
2026-09-29,110.12000274658203,110.12000274658203
2026-09-30,110.12000274658203,110.12000274658203
2026-10-01,110.12000274658203,110.12000274658203
2026-10-02,110.16000366210938,110.16000366210938
