markt,N,K,rondes,netto_gem,netto_mediaan,winst_kans,slechtste,extra_vs_willekeurig,daling_ratio
NL,1,0,296.0,-0.0013600183381777043,-0.0014600824643502175,0.44594594594594594,-0.08581788302743122,-0.00015581718274703738,0.8406336345369854
NL,1,1,296.0,-0.0008491899911826956,-0.0006298782788621,0.4831081081081081,-0.11230542263975528,-0.00025039538662031393,0.8406336345369854
NL,1,10,296.0,0.00369890785354238,0.0002158460464694959,0.5,-0.1805416371670072,-0.0011468948874441963,0.8406336345369854
NL,1,2,296.0,0.00023849269259548179,0.0009526479760338037,0.5135135135135135,-0.129068105456254,0.00022688133831926235,0.8406336345369854
NL,1,3,296.0,0.0004259681885398884,0.00042878196451445207,0.5067567567567568,-0.08351271971195717,-0.00019516713716642521,0.8406336345369854
NL,1,5,296.0,0.0011802019434066769,0.0016675549165786057,0.5168918918918919,-0.11881617937150588,-0.0006514812633232257,0.8406336345369854
NL,1,open,296.0,0.00109216076536581,0.001623002256887187,0.5912162162162162,-0.11909854512403627,0.002296361920796477,0.8406336345369854
NL,2,0,296.0,-0.00032759107234742163,-4.611654454755756e-06,0.5,-0.09521432808067154,0.0002712035322149597,0.8406336345369854
NL,2,1,296.0,0.00017524930534164204,-0.00020315343657875652,0.4966216216216216,-0.12143014982214312,0.00016363795106542214,0.8406336345369854
NL,2,10,296.0,0.004730865062656662,0.0018781173294490105,0.5236486486486487,-0.16822476958407342,-0.0007128344852138942,0.8406336345369854
NL,2,2,296.0,0.0012745154287568702,0.0022979458501142407,0.5304054054054054,-0.13802087553914003,0.0006533801030505565,0.8406336345369854
NL,2,3,296.0,0.0014529912033655673,0.00136904456676491,0.5202702702702703,-0.10283543036989504,0.00022907533974119627,0.8406336345369854
NL,2,5,296.0,0.0022315173186837453,0.0014582240570647016,0.5101351351351351,-0.12454550408184704,-0.00020051147813240761,0.8406336345369854
NL,2,open,296.0,0.0021281847315229164,0.0014912096000434744,0.5574324324324325,-0.09602489901632418,0.0027269793360852976,0.8406336345369854
NL,3,0,296.0,0.0010235133961299567,0.0010097712367723591,0.5202702702702703,-0.1011457028077785,0.0010119020418537378,0.8406336345369854
NL,3,1,296.0,0.0015336907750184605,0.0007818172863290503,0.527027027027027,-0.1271900064375657,0.000912555449312147,0.8406336345369854
NL,3,10,296.0,0.006158030099789689,0.0018981784641512582,0.5202702702702703,-0.1534494077123564,0.00011679560643668714,0.8406336345369854
NL,3,2,296.0,0.002639205749483718,0.0026408906724824676,0.543918918918919,-0.14367218663672554,0.001415289885859348,0.8406336345369854
NL,3,3,296.0,0.0028386024617323004,0.0030305652119679343,0.5405405405405406,-0.12776595466190008,0.0010069192550023985,0.8406336345369854
NL,3,5,296.0,0.003629816517341306,0.0035506122450696155,0.5337837837837838,-0.13454421406467068,0.0005899026619792922,0.8406336345369854
NL,3,open,296.0,0.003498697355770412,0.0034992366488766423,0.5506756756756757,-0.1073522406279151,0.0034870860014941927,0.8406336345369854
NL,5,0,296.0,0.003865331391216894,0.003650424286511946,0.5472972972972973,-0.12276308011537426,0.0026414155275925237,0.8406336345369854
NL,5,1,296.0,0.004343086635741726,0.004530674262808903,0.5540540540540541,-0.13252906658596136,0.0025114034290118236,0.8406336345369854
NL,5,10,296.0,0.00900663608740172,0.00540090296561007,0.5777027027027027,-0.15747592151247486,0.0017937319425408431,0.8406336345369854
NL,5,2,296.0,0.0054584188503054585,0.003502907325992869,0.5472972972972973,-0.13310918311275363,0.003026390053489305,0.8406336345369854
NL,5,3,296.0,0.005650437397499,0.002724020597901906,0.5236486486486487,-0.13645947040209302,0.0026105235421369872,0.8406336345369854
NL,5,5,296.0,0.006456823164707555,0.004269110581130731,0.5405405405405406,-0.15718581714221758,0.0022111726129327284,0.8406336345369854
NL,5,open,296.0,0.006387738506848767,0.004148505145364001,0.5675675675675675,-0.11339869041698707,0.005163822643224397,0.8406336345369854
NL,10,0,296.0,0.00856179840106125,0.008353260703124794,0.5844594594594594,-0.19508704966623056,0.004316147849286425,0.8406336345369854
NL,10,1,296.0,0.009073628434474006,0.009489729092781628,0.5777027027027027,-0.18576683962223112,0.004227825693487429,0.8406336345369854
NL,10,10,296.0,0.013813501322602855,0.008368947602268785,0.5709459459459459,-0.20709724435404758,0.0037107496171439394,0.8406336345369854
NL,10,2,296.0,0.0101513016992902,0.008971847931420016,0.5709459459459459,-0.14047772999816807,0.004707602151419644,0.8406336345369854
NL,10,3,296.0,0.01041448315979398,0.010236112531575369,0.5912162162162162,-0.1613026140779573,0.004373248666440977,0.8406336345369854
NL,10,5,296.0,0.011268138617546802,0.011227856578796625,0.597972972972973,-0.2461186506516638,0.0040552344726859256,0.8406336345369854
NL,10,open,296.0,0.011078476403658506,0.01146015690496676,0.6047297297297297,-0.17182319216636052,0.006832825851883678,0.8406336345369854
US,1,0,564.0,-0.002889578808313166,-0.002511890192695215,0.374113475177305,-0.035571093163754335,-0.00044637390805367166,0.9454631730843837
US,1,1,564.0,-0.0020910683602102446,-0.0016678769940357415,0.4432624113475177,-0.06809532284139112,-1.2943960664239e-05,0.9454631730843837
US,1,10,564.0,-0.002916292649527289,-0.0006538489458420788,0.4946808510638298,-0.228440029707802,-0.004107869745018583,0.9454631730843837
US,1,2,564.0,-0.002486215367646886,-0.0005805440127180693,0.4858156028368794,-0.08178994154423147,-0.0007776619086812105,0.9454631730843837
US,1,3,564.0,-0.002651701864779521,-0.0008875177845825229,0.48226950354609927,-0.07924700165139834,-0.001308682509924665,0.9454631730843837
US,1,5,564.0,-0.003200853747610353,-0.0003936268743310544,0.4929078014184397,-0.18587033614879905,-0.002572668166589057,0.9454631730843837
US,1,open,564.0,-0.002241048493169479,-0.0023051211726306574,0.2712765957446808,-0.029739995453583135,0.00020215640709001504,0.9454631730843837
US,2,0,564.0,-0.001981575097956256,-0.001547424894953846,0.45567375886524825,-0.09249418920497415,9.752421078098099e-05,0.9454631730843837
US,2,1,564.0,-0.0011810933968027697,-0.0005236368065263237,0.48404255319148937,-0.1280413116012245,0.000528434971354138,0.9454631730843837
US,2,10,564.0,-0.0020164007993323753,0.00023278356232792898,0.5035460992907801,-0.21774321653790218,-0.003574145643758853,0.9454631730843837
US,2,2,564.0,-0.0015857041578357365,0.00016012589563825183,0.50177304964539,-0.09126670870310667,-0.0002417098937896486,0.9454631730843837
US,2,3,564.0,-0.0017516701284848227,-0.0005572688289583654,0.49113475177304966,-0.1358942105593103,-0.0007612514961247715,0.9454631730843837
US,2,5,564.0,-0.002301476343093262,0.0002675090422522464,0.5053191489361702,-0.26134909184484784,-0.0020263542501991493,0.9454631730843837
US,2,open,564.0,-0.0013321630063884231,-0.0013102416340105298,0.45567375886524825,-0.09258163020732864,0.0007469363023488141,0.9454631730843837
US,3,0,564.0,-0.0018076040430306335,-0.0005197959951011711,0.4875886524822695,-0.09959653037379927,-9.794597500959438e-05,0.9454631730843837
US,3,1,564.0,-0.0010201811991390997,0.00046147850843397654,0.5088652482269503,-0.15164661850119648,0.0003239427647711187,0.9454631730843837
US,3,10,564.0,-0.0018559001757100224,0.0014822147587840897,0.5159574468085106,-0.21500967831162385,-0.003780186181620776,0.9454631730843837
US,3,2,564.0,-0.0014403425916112318,0.00041132369714035424,0.5053191489361702,-0.11586573909191011,-0.0004497942593870489,0.9454631730843837
US,3,3,564.0,-0.0016044956118484493,-0.0004974518960036596,0.4875886524822695,-0.1592873163874804,-0.00097520542177179,0.9454631730843837
US,3,5,564.0,-0.0021435635421626835,4.720526942421908e-05,0.50177304964539,-0.28135215529329766,-0.0022329531609292905,0.9454631730843837
US,3,open,564.0,-0.001143419404975956,-0.0014356001352800987,0.45567375886524825,-0.09968328824793754,0.0005662386630450825,0.9454631730843837
US,5,0,563.0,-0.0008946649070258304,0.0004978675903402525,0.5062166962699822,-0.11816708824618288,9.476116797446944e-05,0.9454709684166368
US,5,1,563.0,-0.0001387459628847753,0.001509995455971023,0.5346358792184724,-0.17625617613381456,0.0004892771056562571,0.9454709684166368
US,5,10,563.0,-0.001008186200259045,0.0005541511082809071,0.5044404973357016,-0.23630970212680924,-0.0036673341202659864,0.9454709684166368
US,5,2,563.0,-0.0005597866535330571,0.0011124179848108478,0.5239786856127886,-0.14151129661950576,-0.00028593706015599374,0.9454709684166368
US,5,3,563.0,-0.0007307445046237852,0.0011752271470950664,0.5168738898756661,-0.18367564518675428,-0.0008216965749919468,0.9454709684166368
US,5,5,563.0,-0.0012769041175237983,0.00029963443086888377,0.5097690941385435,-0.30220621768060457,-0.002104874429799306,0.9454709684166368
US,5,open,563.0,-0.00026312319431548534,0.00016763570003491108,0.5079928952042628,-0.10109121200805127,0.0007263028806848143,0.9454709684166368
US,10,0,563.0,-0.00027657875659338314,0.001756832292732707,0.5293072824156305,-0.13228294026037077,-0.001104111500618292,0.9454709684166368
US,10,1,563.0,0.00046038018709314987,0.002892023784605232,0.5293072824156305,-0.14894535632116854,-0.0007316654924650291,0.9454709684166368
US,10,10,563.0,-0.00037577146964601056,0.0007465843700774734,0.5097690941385435,-0.2538299701237555,-0.004906237772397515,0.9454709684166368
US,10,2,563.0,5.024952806838549e-05,0.002917354970377018,0.5399644760213144,-0.13168121880819306,-0.0015090900743573387,0.9454709684166368
US,10,3,563.0,-0.000133784331742878,0.0019422215689026917,0.522202486678508,-0.15661033733718463,-0.0020599347268622377,0.9454709684166368
US,10,5,563.0,-0.0006613661105244145,0.002254618815973424,0.5168738898756661,-0.2790631141464503,-0.003320076462280757,0.9454709684166368
US,10,open,563.0,0.0003587799278702042,0.002061849354028248,0.5399644760213144,-0.12879315781930784,-0.00046875281615470384,0.9454709684166368
