N,K,rondes,netto_gem,netto_mediaan,winst_kans,slechtste,extra_vs_willekeurig,daling_ratio
10,10,859.0,0.004513663625238348,0.003503412790795146,0.5308498253783469,-0.2538299701237555,-0.0019369382761178057,0.8965525133856412
10,open,859.0,0.004052645069701796,0.004672387846702619,0.5622817229336438,-0.17182319216636052,0.0020472742918073,0.8965525133856412
10,2,859.0,0.0035309380527268923,0.003945551222736422,0.5506402793946449,-0.14047772999816807,0.0006330995633958478,0.8965525133856412
10,3,859.0,0.0035010086571918256,0.004196519922435532,0.5459837019790454,-0.1613026140779573,0.00015685489411302624,0.8965525133856412
10,5,859.0,0.003449382899381383,0.00467097597155412,0.5448195576251456,-0.2790631141464503,-0.0007786421936542869,0.8965525133856412
10,1,859.0,0.0034283912246073907,0.004251792267752588,0.5459837019790454,-0.18576683962223112,0.0009773093515884372,0.8965525133856412
10,0,859.0,0.002769008715660135,0.0039479873537146375,0.5483119906868452,-0.19508704966623056,0.0007636379377656385,0.8965525133856412
5,10,859.0,0.0024427886509022895,0.0029315332591109723,0.529685681024447,-0.23630970212680924,-0.0017855232301718978,0.8965525133856412
5,open,859.0,0.0020286754826863993,0.0016257546870089626,0.5285215366705471,-0.11339869041698707,0.002255413299441178,0.8965525133856412
5,2,859.0,0.0015140070940061752,0.001574710336210788,0.5320139697322468,-0.14151129661950576,0.0008554469044994291,0.8965525133856412
5,3,859.0,0.001468126092615265,0.0015012322929288857,0.519208381839348,-0.18367564518675428,0.0003610009275344381,0.8965525133856412
5,1,859.0,0.001405634071100608,0.0024005908112289098,0.5413271245634459,-0.17625617613381456,0.0011860750005494444,0.8965525133856412
5,5,859.0,0.0013880356677386937,0.0011935037716208385,0.5203725261932479,-0.30220621768060457,-0.0006176218981943212,0.8965525133856412
3,10,860.0,0.0009023828028340649,0.001736520105217985,0.5174418604651163,-0.21500967831162385,-0.002438899426661463,0.8960382098664058
5,0,859.0,0.0007455666462685195,0.001232049266569406,0.5203725261932479,-0.12276308011537426,0.0009723044630232982,0.8965525133856412
3,open,860.0,0.00045433241035070063,-0.000572340025195566,0.4883720930232558,-0.1073522406279151,0.001571553560929892,0.8960382098664058
2,10,860.0,0.0003059139624685033,0.0010353183233413133,0.5104651162790698,-0.21774321653790218,-0.0025893222682596573,0.8960382098664058
3,2,860.0,-3.6218976536690796e-05,0.0015496581830357118,0.5186046511627908,-0.14367218663672554,0.0001921416789768273,0.8960382098664058
3,3,860.0,-7.524325163926091e-05,0.00043788164861703724,0.5058139534883721,-0.1592873163874804,-0.0002929857655797434,0.8960382098664058
2,open,860.0,-0.00014115959892126447,-0.00032760063213052256,0.4906976744186046,-0.09602489901632418,0.001428439486053464,0.8960382098664058
3,1,860.0,-0.00014117410105696273,0.0006821276327725925,0.5151162790697674,-0.15164661850119648,0.0005265350375898911,0.8960382098664058
3,5,860.0,-0.0001564466844729385,0.0006120050374817538,0.5127906976744186,-0.28135215529329766,-0.0012613655753700571,0.8960382098664058
2,2,860.0,-0.0006012564861713046,0.000885944262193531,0.5116279069767442,-0.13802087553914003,6.636759349488712e-05,0.8960382098664058
1,10,860.0,-0.0006394329414940086,-0.00018950498633478528,0.4965116279069767,-0.228440029707802,-0.0030887435149697254,0.8960382098664058
2,3,860.0,-0.0006486704142665493,0.00014617897949489856,0.5011627906976744,-0.1358942105593103,-0.00042039481773369395,0.8960382098664058
2,1,860.0,-0.0007142591644367862,-0.0003171094458980601,0.4883720930232558,-0.1280413116012245,0.00040287692716174265,0.8960382098664058
2,5,860.0,-0.0007412831757839663,0.0009285106808258232,0.5069767441860465,-0.26134909184484784,-0.001397924644929666,0.8960382098664058
3,0,860.0,-0.0008331729244358254,-1.1557118564089466e-05,0.49883720930232556,-0.1011457028077785,0.00028404822614336615,0.8960382098664058
1,open,860.0,-0.0010938043762782632,-0.0012953556944907956,0.3813953488372093,-0.11909854512403627,0.0009229527234354949,0.8960382098664058
2,0,860.0,-0.0014122968751885641,-0.0010513813749236187,0.47093023255813954,-0.09521432808067154,0.00015730220978616447,0.8960382098664058
1,2,860.0,-0.0015484088724936988,-0.00017242204590114658,0.49534883720930234,-0.129068105456254,-0.0004319121399461639,0.8960382098664058
1,3,860.0,-0.0015924107766602817,-0.0003962045790922256,0.4906976744186046,-0.08351271971195717,-0.0009254260560450847,0.8960382098664058
1,1,860.0,-0.0016636311541263437,-0.0013867333430538596,0.4569767441860465,-0.11230542263975528,-9.4671428202609e-05,0.8960382098664058
1,5,860.0,-0.0016929555097719335,0.00011503818467403348,0.5011627906976744,-0.18587033614879905,-0.0019114224417440733,0.8960382098664058
1,0,860.0,-0.0023631254371967742,-0.0022915191684683665,0.3988372093023256,-0.08581788302743122,-0.00034636833748301636,0.8960382098664058
