periode,N,K,rondes,netto_gem,netto_mediaan,winst_kans,slechtste,extra_vs_willekeurig,daling_ratio
2015-2020,1,0,411.0,-0.0029768228698017676,-0.002412753013162766,0.3844282238442822,-0.03829433655368689,-0.0008873707529968317,0.9024387452660582
2015-2020,1,1,411.0,-0.002249997362160041,-0.0016524235963753526,0.45498783454987834,-0.06809532284139112,-0.0005939088586890556,0.9024387452660582
2015-2020,1,10,411.0,-0.001886653879244429,0.001193162376824497,0.5158150851581509,-0.17182440589686454,-0.004117033565871476,0.9024387452660582
2015-2020,1,2,411.0,-0.0026979287812312173,-6.260203437067594e-05,0.49635036496350365,-0.08178994154423147,-0.0014795543375348773,0.9024387452660582
2015-2020,1,3,411.0,-0.0021181268090890515,4.770157801974148e-05,0.5012165450121655,-0.07627409115661798,-0.0013343493036512347,0.9024387452660582
2015-2020,1,5,411.0,-0.00279562651487259,0.0008808601121311217,0.5182481751824818,-0.18587033614879905,-0.002867646552857582,0.9024387452660582
2015-2020,1,open,411.0,-0.0012221434975950832,-0.0014396221714494996,0.36253041362530414,-0.11909854512403627,0.0008673086192098521,0.9024387452660582
2015-2020,2,0,411.0,-0.0017654214057242744,-0.001244866966317581,0.46958637469586373,-0.07782397959317196,-0.00010827562124531313,0.9024387452660582
2015-2020,2,1,411.0,-0.0010437370557785353,-0.00021342204497619486,0.49148418491484186,-0.1280413116012245,0.0001756946689257809,0.9024387452660582
2015-2020,2,10,411.0,-0.0006741466024666513,0.0026549666288962323,0.5450121654501217,-0.17496713024140947,-0.0033352424054436318,0.9024387452660582
2015-2020,2,2,411.0,-0.0015080655203152345,0.0009057368380767838,0.5060827250608273,-0.09126670870310667,-0.0007232307338694416,0.9024387452660582
2015-2020,2,3,411.0,-0.0009229531744950211,0.0014630364096890301,0.5231143552311436,-0.1358942105593103,-0.0005622976629949661,0.9024387452660582
2015-2020,2,5,411.0,-0.001588279001601974,0.0019970682415059067,0.5158150851581509,-0.26134909184484784,-0.002083402036459782,0.9024387452660582
2015-2020,2,open,411.0,-2.056783280589392e-05,7.616189918964737e-05,0.5060827250608273,-0.09602489901632418,0.0016365779516730678,0.9024387452660582
2015-2020,3,0,411.0,-0.0007123710670279784,-0.0004173858130892857,0.49391727493917276,-0.09919870547606233,0.0005075387940883411,0.9024387452660582
2015-2020,3,1,411.0,-3.2716364909848975e-06,0.00040446308183276114,0.51338199513382,-0.15164661850119648,0.0007820412863668101,0.9024387452660582
2015-2020,3,10,411.0,0.00039189740565687283,0.003359344754420017,0.5523114355231143,-0.19730440745402938,-0.0027002317598282376,0.9024387452660582
2015-2020,3,2,411.0,-0.00046599848832437786,0.0016496114118211525,0.5231143552311436,-0.11586573909191011,-0.00010486484041231955,0.9024387452660582
2015-2020,3,3,411.0,0.00012493501477539028,0.0013215805951286772,0.5182481751824818,-0.1592873163874804,5.445039421037861e-05,0.9024387452660582
2015-2020,3,5,411.0,-0.0005533200990232758,0.0014184537656238407,0.5231143552311436,-0.28135215529329766,-0.00148153569235763,0.9024387452660582
2015-2020,3,open,411.0,0.0010426372104723588,0.00017036786972736743,0.5036496350364964,-0.09076357961125306,0.0022625470715886783,0.9024387452660582
2015-2020,5,0,410.0,0.0010941101048022998,0.0008446410904938362,0.5170731707317073,-0.12276308011537426,0.0014526540081641775,0.9026721278666456
2015-2020,5,1,410.0,0.001744823014912513,0.002489334522710469,0.5390243902439025,-0.17625617613381456,0.0016713781163001464,0.9026721278666456
2015-2020,5,10,410.0,0.002120047989019838,0.005064598492801766,0.5560975609756098,-0.22059198906646707,-0.001833662065715059,0.9026721278666456
2015-2020,5,2,410.0,0.0013004783441287681,0.0012995709312146704,0.524390243902439,-0.14151129661950576,0.0008025166537146101,0.9026721278666456
2015-2020,5,3,410.0,0.001881108835577009,0.0022637491814581964,0.526829268292683,-0.18367564518675428,0.0009491882764122687,0.9026721278666456
2015-2020,5,5,410.0,0.0011958681005969445,0.002205750835363578,0.5317073170731708,-0.30220621768060457,-0.0006064929547090678,0.9026721278666456
2015-2020,5,open,410.0,0.0028234656143750854,0.0024969179167668317,0.5487804878048781,-0.10835579257555984,0.0031820095177369635,0.9026721278666456
2015-2020,10,0,410.0,0.0009503123886605304,0.0027214445545947754,0.5341463414634147,-0.19508704966623056,-0.000852342900497013,0.9026721278666456
2015-2020,10,1,410.0,0.0015929776726088549,0.003331010693574895,0.526829268292683,-0.1836287194373057,-0.000640968099229986,0.9026721278666456
2015-2020,10,10,410.0,0.00196234978607763,0.0017139236640050935,0.5170731707317073,-0.19474825165419432,-0.004147129713726629,0.9026721278666456
2015-2020,10,2,410.0,0.0011387630824467518,0.0036858964359675495,0.5365853658536586,-0.13168121880819306,-0.0015273214350146028,0.9026721278666456
2015-2020,10,3,410.0,0.0017112370744386484,0.00387689498338906,0.5463414634146342,-0.15661033733718463,-0.001386709239467073,0.9026721278666456
2015-2020,10,5,410.0,0.0010199955605026578,0.0041825663496584875,0.5365853658536586,-0.2790631141464503,-0.002934008728083772,0.9026721278666456
2015-2020,10,open,410.0,0.002666826442378146,0.0030542305346637913,0.5463414634146342,-0.17182319216636052,0.0008641711532206036,0.9026721278666456
2021-2026,1,0,449.0,-0.0018013667628077941,-0.002119665677164203,0.41202672605790647,-0.08581788302743122,0.00014884768206303812,0.8951617825415826
2021-2026,1,1,449.0,-0.0011268905939885942,-0.001202078425527776,0.45879732739420936,-0.11230542263975528,0.00036231428210903804,0.8951617825415826
2021-2026,1,10,449.0,0.000502232549408939,-0.0029824658840788233,0.47884187082405344,-0.228440029707802,-0.0021474802389772527,0.8951617825415826
2021-2026,1,2,449.0,-0.0004961757266337435,-0.00020094914496968422,0.49443207126948774,-0.129068105456254,0.0005270654618555311,0.8951617825415826
2021-2026,1,3,449.0,-0.001111187415127489,-0.001113498036659583,0.48106904231625836,-0.08351271971195717,-0.0005511110120225289,0.8951617825415826
2021-2026,1,5,449.0,-0.0006836063269292391,-0.0008635098088355212,0.48552338530066813,-0.11881617937150588,-0.0010361259836869422,0.8951617825415826
2021-2026,1,open,449.0,-0.000976326917790038,-0.0010365052053285754,0.3986636971046771,-0.047532474427101415,0.000973887527080794,0.8951617825415826
2021-2026,2,0,449.0,-0.0010890581623819345,-0.001004349689794196,0.47216035634743875,-0.09521432808067154,0.0004004035205967153,0.8951617825415826
2021-2026,2,1,449.0,-0.0004126658162375464,-0.000667108792050148,0.48552338530066813,-0.12143014982214312,0.0006108321791327453,0.8951617825415826
2021-2026,2,10,449.0,0.0012030295352710612,-0.002191427090377342,0.47884187082405344,-0.21774321653790218,-0.0019065312295455964,0.8951617825415826
2021-2026,2,2,449.0,0.00022880701724329501,0.0008744749919376807,0.5167037861915368,-0.13802087553914003,0.000789140227229273,0.8951617825415826
2021-2026,2,3,449.0,-0.00039760089432467325,-0.0009837014957351582,0.48106904231625836,-0.10283543036989504,-0.0002905015673943114,0.8951617825415826
2021-2026,2,5,449.0,3.40292616574616e-05,-3.159432047997461e-05,0.49888641425389757,-0.12454550408184704,-0.0007704609301882902,0.8951617825415826
2021-2026,2,open,449.0,-0.0002515453803765368,-0.0006456435160676553,0.4766146993318486,-0.09258163020732864,0.0012379163026021128,0.8951617825415826
2021-2026,3,0,449.0,-0.0009437510166287543,0.00028959778743003865,0.5033407572383074,-0.1011457028077785,7.947222742313356e-05,0.8951617825415826
2021-2026,3,1,449.0,-0.0002674055329870671,0.0007978799832151955,0.5167037861915368,-0.1271900064375657,0.0002926529256805063,0.8951617825415826
2021-2026,3,10,449.0,0.0013696645361076188,-0.0009641693848256805,0.48552338530066813,-0.21500967831162385,-0.002199684306546665,0.8951617825415826
2021-2026,3,2,449.0,0.00035718721354068,0.0012991922480337478,0.5144766146993318,-0.14367218663672554,0.00046401178915263843,0.8951617825415826
2021-2026,3,3,449.0,-0.00025847992757783896,-0.00018506745203149245,0.49443207126948774,-0.12776595466190008,-0.0006110175287729285,0.8951617825415826
2021-2026,3,5,449.0,0.00020683833419117865,3.7057179177511e-05,0.5033407572383074,-0.126747085416256,-0.00105982900948611,0.8951617825415826
2021-2026,3,open,449.0,-8.418267394774393e-05,-0.0010799182240163905,0.47438752783964366,-0.1073522406279151,0.0009390405701041436,0.8951617825415826
2021-2026,5,0,449.0,0.0004272975638657353,0.0019424534692068732,0.5233853006681515,-0.10109121200805127,0.000533677929598442,0.8951617825415826
2021-2026,5,1,449.0,0.0010959069731877322,0.0018685277511783047,0.5434298440979956,-0.11172094888577953,0.0007429251621133914,0.8951617825415826
2021-2026,5,10,449.0,0.002737496159525464,0.000933817340658723,0.5055679287305123,-0.23630970212680924,-0.0017415657188741332,0.8951617825415826
2021-2026,5,2,449.0,0.0017089888032483518,0.002901430080446862,0.5389755011135857,-0.13212388833336933,0.0009037796502049428,0.8951617825415826
2021-2026,5,3,449.0,0.0010910149019375025,0.000939908342352235,0.512249443207127,-0.13645947040209302,-0.00017609665161903774,0.8951617825415826
2021-2026,5,5,449.0,0.0015635116199171275,0.00026474785513341576,0.5100222717149221,-0.13084872285956173,-0.0006277841851184946,0.8951617825415826
2021-2026,5,open,449.0,0.0013029205740174416,0.0011752854504816404,0.5100222717149221,-0.11339869041698707,0.0014093009397501488,0.8951617825415826
2021-2026,10,0,449.0,0.00442973364677336,0.004743810415213132,0.5612472160356348,-0.1851603135622497,0.0022392551842860993,0.8951617825415826
2021-2026,10,1,449.0,0.005104381327768638,0.004815619747180619,0.5634743875278396,-0.18576683962223112,0.0024550237276141696,0.8951617825415826
2021-2026,10,10,449.0,0.006843371139839447,0.004728861131777355,0.5434298440979956,-0.2538299701237555,8.127662236686587e-05,0.8951617825415826
2021-2026,10,2,449.0,0.005715329450978245,0.004658109428150197,0.5634743875278396,-0.14047772999816807,0.0026058670675122944,0.8951617825415826
2021-2026,10,3,449.0,0.005135321238325014,0.004798783718509338,0.5456570155902004,-0.1613026140779573,0.0015663455283398417,0.8951617825415826
2021-2026,10,5,449.0,0.005667754411497814,0.0050060910727954145,0.5523385300668151,-0.2461186506516638,0.0011895098756465792,0.8951617825415826
2021-2026,10,open,449.0,0.005318091923159916,0.00531590073805077,0.576837416481069,-0.16484082673142364,0.0031276134606726563,0.8951617825415826
