universum,regel,top,filter,start,trades,kosten,eind,per_jaar,grootste_daling,beweeglijkheid,sharpe
Regio,mix,1.0,True,2012-02-29,79.0,2904.0,44436,10.6,-23.4,16.3,0.65
Regio,mix,1.0,False,2012-02-29,79.0,2904.0,44436,10.6,-23.4,16.3,0.65
Regio,mix,2.0,True,2012-02-29,92.0,2812.0,54735,12.2,-19.9,12.3,0.99
Regio,mix,2.0,False,2012-02-29,86.0,2867.0,65503,13.6,-14.3,12.4,1.1
Regio,mix,3.0,True,2012-02-29,106.0,2483.0,48609,11.3,-18.3,10.6,1.07
Regio,mix,3.0,False,2012-02-29,103.0,2504.0,55813,12.4,-16.6,10.9,1.13
Regio,3,1.0,True,2012-02-29,94.0,2913.0,27052,7.0,-33.8,16.3,0.43
Regio,3,1.0,False,2012-02-29,90.0,2915.0,28157,7.3,-31.5,16.3,0.45
Regio,3,2.0,True,2012-02-29,126.0,3278.0,35048,8.9,-22.4,11.3,0.79
Regio,3,2.0,False,2012-02-29,122.0,3427.0,37277,9.3,-19.2,11.5,0.81
Regio,3,3.0,True,2012-02-29,131.0,2863.0,37288,9.3,-20.7,10.0,0.93
Regio,3,3.0,False,2012-02-29,122.0,2934.0,43303,10.4,-19.3,10.5,0.99
Regio,6,1.0,True,2012-02-29,56.0,1902.0,48971,11.4,-21.4,15.1,0.75
Regio,6,1.0,False,2012-02-29,57.0,1836.0,44333,10.6,-23.4,15.2,0.7
Regio,6,2.0,True,2012-02-29,86.0,2968.0,62569,13.2,-18.2,12.3,1.07
Regio,6,2.0,False,2012-02-29,87.0,2937.0,62614,13.2,-20.6,12.6,1.05
Regio,6,3.0,True,2012-02-29,113.0,2319.0,43165,10.4,-15.2,10.5,1.0
Regio,6,3.0,False,2012-02-29,112.0,2330.0,43947,10.6,-17.1,10.9,0.97
Regio,12,1.0,True,2012-02-29,55.0,1512.0,42641,10.3,-24.2,16.9,0.61
Regio,12,1.0,False,2012-02-29,55.0,1512.0,42641,10.3,-24.2,16.9,0.61
Regio,12,2.0,True,2012-02-29,70.0,2368.0,54917,12.2,-17.4,13.4,0.91
Regio,12,2.0,False,2012-02-29,66.0,2343.0,58281,12.7,-17.4,13.4,0.95
Regio,12,3.0,True,2012-02-29,77.0,2285.0,44391,10.6,-15.5,11.2,0.95
Regio,12,3.0,False,2012-02-29,77.0,2335.0,47478,11.1,-15.0,11.4,0.97
Regio,WERELD-ETF,,,2012-02-29,,,60306,12.8,-18.6,12.4,1.04
Sector,mix,1.0,True,2018-11-30,46.0,1524.0,22185,10.5,-34.5,22.9,0.46
Sector,mix,1.0,False,2018-11-30,46.0,1532.0,22639,10.8,-34.5,22.9,0.47
Sector,mix,2.0,True,2018-11-30,57.0,1380.0,30735,15.1,-26.3,17.8,0.85
Sector,mix,2.0,False,2018-11-30,55.0,1466.0,34460,16.7,-26.3,18.2,0.92
Sector,mix,3.0,True,2018-11-30,69.0,1346.0,30523,15.0,-20.7,14.3,1.04
Sector,mix,3.0,False,2018-11-30,67.0,1397.0,35565,17.2,-20.7,14.8,1.16
Sector,3,1.0,True,2018-11-30,54.0,1471.0,17220,7.0,-34.3,22.2,0.32
Sector,3,1.0,False,2018-11-30,54.0,1572.0,18810,8.2,-34.3,22.7,0.36
Sector,3,2.0,True,2018-11-30,69.0,1784.0,21818,10.2,-26.5,17.3,0.59
Sector,3,2.0,False,2018-11-30,67.0,1901.0,24113,11.6,-26.4,17.7,0.66
Sector,3,3.0,True,2018-11-30,82.0,1494.0,22580,10.7,-20.6,14.8,0.72
Sector,3,3.0,False,2018-11-30,81.0,1504.0,25314,12.3,-21.8,15.5,0.79
Sector,6,1.0,True,2018-11-30,39.0,1686.0,42302,19.8,-27.1,22.5,0.88
Sector,6,1.0,False,2018-11-30,40.0,1771.0,46166,21.1,-25.1,22.5,0.94
Sector,6,2.0,True,2018-11-30,53.0,1417.0,29320,14.4,-29.1,18.0,0.8
Sector,6,2.0,False,2018-11-30,55.0,1484.0,30929,15.2,-28.3,18.1,0.84
Sector,6,3.0,True,2018-11-30,67.0,1270.0,22153,10.5,-23.4,15.0,0.7
Sector,6,3.0,False,2018-11-30,69.0,1317.0,24721,12.0,-22.9,15.5,0.77
Sector,12,1.0,True,2018-11-30,32.0,1685.0,28656,14.1,-36.5,21.3,0.66
Sector,12,1.0,False,2018-11-30,32.0,1685.0,28656,14.1,-36.5,21.3,0.66
Sector,12,2.0,True,2018-11-30,48.0,1246.0,36197,17.4,-18.9,16.2,1.08
Sector,12,2.0,False,2018-11-30,48.0,1244.0,36025,17.4,-18.9,16.2,1.07
Sector,12,3.0,True,2018-11-30,55.0,1165.0,30899,15.1,-16.6,13.9,1.09
Sector,12,3.0,False,2018-11-30,54.0,1148.0,32181,15.7,-16.6,14.0,1.13
Sector,WERELD-ETF,,,2018-11-30,,,27774,13.7,-18.6,14.0,0.98
