ticker,naam,start,voor_sharpe_plus,na_sharpe_plus,voor_rend_plus,na_rend_plus
DFEN.DE,Defensie,2011-01-31,0.1463452731573528,-0.21746576266820572,-2.1922484500525927,-5.56301927175014
4GLD.DE,Goud,2011-01-31,0.10597797133006931,-0.3012704129945375,0.11209284797996065,-5.447676075478334
4BRZ.DE,Brazilië,2011-01-31,0.08293136086241179,-0.45560371260205623,0.8094703650654945,-11.45247428771768
IQQE.DE,Olie & gas (wereld),2011-01-31,0.07656334928817649,0.08337984399327314,-1.5026797931789797,-0.5885915836010218
IUIT.L,VS Technologie,2016-11-30,0.07560729136076594,-0.15224544443734833,0.28192197321477847,-6.7592199080013184
IQQH.DE,Schone energie (wereld),2011-01-31,0.038211920641743446,0.030943834640509538,-1.9921611675808435,1.8647000349511957
IQQ6.DE,Vastgoed (wereld),2011-01-31,0.011040218604553509,-0.12928776046221613,-1.8804167352295873,-2.968667134766064
IUCD.L,VS Luxe consumptie,2016-11-30,-0.011049172762385817,-0.043589553331242814,-3.949614116951479,-3.347108184321326
SXR8.DE,VS (S&P 500),2011-05-31,-0.06648379324159182,-0.3748782647357589,-3.001513324327556,-7.292518398834316
EXXY.DE,Grondstoffen breed,2011-01-31,-0.08241592531669273,0.013910470650395523,2.4100815645462847,-0.8163425878228582
NUKL.DE,Kernenergie & uranium,2011-01-31,-0.1400511287259456,-0.14399936959488358,-1.873837966537405,-7.30292637277006
XCS6.DE,China,2012-03-31,-0.15341176873293016,-0.09783963976284751,-4.184344149855052,0.450962749327081
XAD6.DE,Zilver,2011-01-31,-0.16632274843493275,-0.36715410413327454,-4.927620568570261,-11.682203089115488
EUNM.DE,Opkomende markten,2011-01-31,-0.18033856020410147,0.14389528117995776,-3.7637661090691035,0.13749108792995396
EQQQ.DE,Nasdaq-100,2011-01-31,-0.19835867881028613,-0.011302816504972113,-4.4516143368320735,-3.879427673663547
EXSA.DE,Europa (Stoxx 600),2011-01-31,-0.21991575587196532,-0.10530535284047737,-4.230072067177433,-3.4208848047707137
EUNH.DE,Euro-staatsobligaties,2011-01-31,-0.22475154837587807,-0.027350184390211363,-1.290393227623893,1.5652754708312975
G2X.DE,Goudmijnen,2011-01-31,-0.22902729807286054,-0.2274372237185091,-6.064519828958738,-10.0359331185339
XCS5.DE,India,2012-10-31,-0.2343154368913384,0.3419577720971728,-5.830136126559147,1.7470967597715856
IUFS.L,VS Financiëel,2016-11-30,-0.24608748617580456,-0.38286903068580047,-5.401478960204615,-7.425456108222134
IUIS.L,VS Industrie,2018-03-31,-0.27010555692442023,-0.2842406746970405,-6.759281542479672,-6.41615798760143
VVSM.DE,Halfgeleiders,2011-01-31,-0.28823751085761784,0.04725488944161693,-8.309413023855752,-2.699862648464349
IJPA.AS,Japan,2011-01-31,-0.315535952678881,-0.06642583918820777,-4.888442037388555,-2.4700128372463706
IUUS.L,VS Nutsbedrijven,2018-03-31,-0.34923199814336386,-0.21859846441483777,-5.737793774617514,-4.7142616287476775
IUHC.L,VS Gezondheidszorg,2016-11-30,-0.39659215570841855,-0.04426963598436662,-6.32362371753096,-2.149648594739685
IUES.L,VS Energie,2016-11-30,-0.4558367308116059,-0.11078249717986599,0.8578960483449343,-3.6672187149251467
IUCS.L,VS Basisconsumptie,2018-03-31,-0.5036637564745461,-0.06410286594347425,-7.231669038418357,-2.1936959047146893
IUMS.L,VS Grondstoffen,2018-03-31,-0.5906097048386774,-0.2971621924236915,-11.489472636601016,-5.694775384453137
IUCM.L,VS Communicatie,2019-09-30,,0.2937074104254067,,1.0409197352997286
