lijst,top,vanaf,eind,per_jaar,grootste_daling,beweeglijkheid,sharpe,tot_2020,vanaf_2021
Huidig (16),3,2018-11-30,30301,14.9,-16.5,13.8,1.08,12.4,15.8
Huidig (16),4,2018-11-30,29827,14.6,-14.1,11.8,1.24,11.1,16.0
Huidig (16),5,2018-11-30,25892,12.6,-14.5,12.0,1.06,7.2,14.7
Huidig (16),WERELD-ETF,2018-11-30,130,13.6,-18.6,14.0,0.98,,
Uitgebreid (28),3,2018-11-30,30584,15.0,-22.6,19.8,0.76,5.6,18.7
Uitgebreid (28),4,2018-11-30,28387,13.9,-21.0,17.6,0.79,10.2,15.3
Uitgebreid (28),5,2018-11-30,28959,14.2,-19.4,16.4,0.87,6.7,17.1
Uitgebreid (28),WERELD-ETF,2018-11-30,130,13.6,-18.6,14.0,0.98,,
Regio's (7),3,2013-04-30,41295,11.0,-18.3,10.8,1.02,9.2,13.5
Regio's (7),4,2013-04-30,41969,11.1,-17.1,10.0,1.11,9.2,13.7
Regio's (7),5,2013-04-30,31725,8.9,-15.5,8.8,1.01,7.6,10.6
Regio's (7),WERELD-ETF,2013-04-30,130,12.6,-18.6,12.6,0.99,,
Regio's + uitbreiding (19),3,2013-04-30,44337,11.6,-29.0,17.8,0.65,10.0,13.7
Regio's + uitbreiding (19),4,2013-04-30,49913,12.6,-22.7,15.9,0.79,9.7,16.5
Regio's + uitbreiding (19),5,2013-04-30,48299,12.3,-19.6,14.3,0.86,10.2,15.2
Regio's + uitbreiding (19),WERELD-ETF,2013-04-30,130,12.6,-18.6,12.6,0.99,,
